MNTH,BRAND_NAME,RESTAURANT_ID,BRAND,CITY_CLASSIFICATION,ORDERS,FULFILLED_GMV,FREEBIE_BURN,S_BURN,R_BURN,REST_EO_BURN,REST_TD,TOTAL_DISCOUNT,Final R Burn,,,,
2025-07,Wow_Momo,911627,Wow_Momo,India_1,746,362810.2439,0,2804.22,5279.16,,152772,165660,158051.16,,,,
2025-07,Wow_Momo,424006,Wow_Momo,India_1,376,182865.1628,0,1372.5,2477.4,,73494.4,78924,75971.8,,,Old RIDs Only,
2025-07,Wow_Momo,13928,Wow_Momo,India_1,340,175504.6133,0,1640.19,2974.49,,71500.2,81272,74474.69,,,Orders,282718
2025-07,Wow_Momo,570125,Wow_Momo,India_2,735,353214.4865,0,844.65,1568.61,,155665,165377,157233.61,,,GMV,"₹ 14,39,60,464"
2025-07,Wow_Momo,419704,Wow_Momo,India_1,482,214234.8582,0,2037.71,3608.54,,84594.6,96197,88203.14,,,R Burn,62478858
2025-07,Wow_Momo,82909,Wow_Momo,India_1,627,328392.4653,0,3195.17,5844.16,,140799.9,154628,146644.06,,,NET GMV,77601529
2025-07,Wow_Momo,484588,Wow_Momo,India_1,271,148280.1664,0,1446.48,2579.15,,52629.5,58795,55208.65,,,Base GMV,67033794
2025-07,Wow_Momo,53858,Wow_Momo,India_1,301,169749.4396,0,1641.62,2898.67,,80282.4,88160,83181.07,,,Incremental GMV,10567735
2025-07,Wow_Momo,482342,Wow_Momo,India_1,320,168351.9487,0,714.9,1252.66,,77008.8,82146,78261.46,,,iRev,2113547
2025-07,Wow_Momo,230595,Wow_Momo,India_1,422,216651.162,0,1180.51,2194.94,,82181.7,88876,84376.64,,,,
2025-07,Wow_Momo,484906,Wow_Momo,India_1,1262,652865.5773,0,9548.48,17123.37,,257026.7,293450,274150.07,,,,
2025-07,Wow_Momo,609316,Wow_Momo,India_1,635,320284.9791,0,3071.19,5389.95,,125676.6,138068,131066.55,,,,
2025-07,Wow_Momo,615676,Wow_Momo,India_2,295,123450.2944,0,873.59,1708.08,,48894.3,56495,50602.38,,,,
2025-07,Wow_Momo,587544,Wow_Momo,India_1,1268,600936.9857,0,4506.76,8115.71,,242346.3,269727,250462.01,,,,
2025-07,Wow_Momo,998792,Wow_Momo,India_1,518,245834.163,0,4477.44,8379.36,,100193.6,116448,108572.96,,,,
2025-07,Wow_Momo,346123,Wow_Momo,India_1,359,152300.2126,0,1324.46,2369.68,,60313.7,70590,62683.38,,,,
2025-07,Wow_Momo,231513,Wow_Momo,India_1,291,146588.5663,0,1125.07,2136.89,,61040.8,65403,63177.69,,,,
2025-07,Wow_Momo,362209,Wow_Momo,India_1,522,268260.8719,0,1726.08,3049.79,,107995,115078,111044.79,,,,
2025-07,Wow_Momo,512590,Wow_Momo,India_1,1179,640058.6419,0,3826.56,6772.36,,300722.1,324418,307494.46,,,,
2025-07,Wow_Momo,263179,Wow_Momo,India_1,588,310840.437,0,2119.08,3681.04,,125672.7,135120,129353.74,,,,
2025-07,Wow_Momo,93785,Wow_Momo,India_1,621,269201.8565,0,1403.91,2526.51,,111273.6,126253,113800.11,,,,
2025-07,Wow_Momo,252695,Wow_Momo,India_1,449,223965.8013,0,2274.73,4049.41,,92143.1,101906,96192.51,,,,
2025-07,Wow_Momo,607645,Wow_Momo,India_1,922,452376.2986,0,2979.76,5403.63,,185636.8,199877,191040.43,,,,
2025-07,Wow_Momo,827145,Wow_Momo,India_2,668,334518.5753,0,1860.17,3648.77,,134000.7,146559,137649.47,,,,
2025-07,Wow_Momo,203407,Wow_Momo,India_1,1606,836663.6102,0,7202.74,13077.51,,340616.2,368168,353693.71,,,,
2025-07,Wow_Momo,1036084,Wow_Momo,India_2,313,145803.7923,0,1110.63,2148.28,,59921.5,66412,62069.78,,,,
2025-07,Wow_Momo,213122,Wow_Momo,India_1,466,226669.6691,0,773.66,1393.94,,96060.9,104006,97454.84,,,,
2025-07,Wow_Momo,26348,Wow_Momo,India_1,422,242117.1043,0,2189.54,3888.28,,105275.1,114821,109163.38,,,,
2025-07,Wow_Momo,893248,Wow_Momo,India_2,930,435935.4234,0,1994.99,3904.86,,177931.6,190478,181836.46,,,,
2025-07,Wow_Momo,569957,Wow_Momo,India_1,1216,627069.8355,0,4942.86,8629.34,,273063.8,293036,281693.14,,,,
2025-07,Wow_Momo,976930,Wow_Momo,India_1,499,259701.6317,0,1351.44,2631.19,,115610.8,122619,118241.99,,,,
2025-07,Wow_Momo,514901,Wow_Momo,India_2,596,262464.098,0,1066.2,2208.6,,103437.2,116429,105645.8,,,,
2025-07,Wow_Momo,785286,Wow_Momo,India_1,1533,818505.0305,0,7426.84,13241.77,,349204,381290,362445.77,,,,
2025-07,Wow_Momo,527041,Wow_Momo,India_1,738,350206.0976,0,2348.24,4325.19,,136213.4,149803,140538.59,,,,
2025-07,Wow_Momo,247334,Wow_Momo,India_1,803,475266.7141,0,2517.63,4428.1,,226197.7,237035,230625.8,,,,
2025-07,Wow_Momo,593677,Wow_Momo,India_2,146,65112.9654,0,602.5,1197.44,,26213,30158,27410.44,,,,
2025-07,Wow_Momo,244439,Wow_Momo,India_1,552,255907.2144,0,1795.53,3384.46,,100375.9,110407,103760.36,,,,
2025-07,Wow_Momo,518891,Wow_Momo,India_2,149,59710.14013,0,168.94,313.75,,23876.1,27787,24189.85,,,,
2025-07,Wow_Momo,185542,Wow_Momo,India_1,337,189722.7866,0,1371.95,2469.33,,81993,87439,84462.33,,,,
2025-07,Wow_Momo,402718,Wow_Momo,India_1,300,156585.6509,0,644.24,1153.53,,69676.8,73870,70830.33,,,,
2025-07,Wow_Momo,421053,Wow_Momo,India_1,447,236544.0497,0,1889.68,3299.7,,110415,119372,113714.7,,,,
2025-07,Wow_Momo,667980,Wow_Momo,India_1,341,162736.1068,0,804.96,1409.2,,66081.3,74166,67490.5,,,,
2025-07,Wow_Momo,737964,Wow_Momo,India_1,617,282520.3853,0,4651.69,8164.31,,105780,121435,113944.31,,,,
2025-07,Wow_Momo,38260,Wow_Momo,India_1,809,475045.8796,0,3347.6,5884.34,,233154,248827,239038.34,,,,
2025-07,Wow_Momo,13923,Wow_Momo,India_1,704,384719.1814,0,2108.94,3745.17,,173186.3,185377,176931.47,,,,
2025-07,Wow_Momo,211681,Wow_Momo,India_1,631,360930.6643,0,3724.81,6450.94,,163723,177614,170173.94,,,,
2025-07,Wow_Momo,452519,Wow_Momo,India_1,376,198283.1981,0,1114.75,1933.49,,82259.8,87761,84193.29,,,,
2025-07,Wow_Momo,63077,Wow_Momo,India_1,269,143984.3698,0,1868.33,3376.76,,64755.2,74554,68131.96,,,,
2025-07,Wow_Momo,15503,Wow_Momo,India_1,573,255813.109,0,3521.99,6414.95,,98993.5,113279,105408.45,,,,
2025-07,Wow_Momo,895434,Wow_Momo,India_1,704,389144.4727,0,2638.59,4672.29,,167326.6,179787,171998.89,,,,
2025-07,Wow_Momo,267802,Wow_Momo,India_1,941,513892.4915,0,2356.96,4558.53,,220449,231675,225007.53,,,,
2025-07,Wow_Momo,1005742,Wow_Momo,India_2,1323,701419.7479,0,4680.15,8580.83,,332389.8,364108,340970.63,,,,
2025-07,Wow_Momo,622617,Wow_Momo,India_2,356,144569.7079,0,2271.69,4443.75,,44260.9,55643,48704.65,,,,
2025-07,Wow_Momo,639006,Wow_Momo,India_1,705,364722.7188,0,3549.67,6182.66,,156420.4,173090,162603.06,,,,
2025-07,Wow_Momo,318316,Wow_Momo,India_1,566,304171.384,0,2550.16,4528.76,,124550.5,135101,129079.26,,,,
2025-07,Wow_Momo,265656,Wow_Momo,India_1,210,100887.6312,0,837.49,1462.46,,39610,43280,41072.46,,,,
2025-07,Wow_Momo,333734,Wow_Momo,India_1,959,521447.6071,0,4342.39,7647.75,,243485.7,265619,251133.45,,,,
2025-07,Wow_Momo,350034,Wow_Momo,India_1,204,96893.39295,0,346.22,642.95,,43397,46681,44039.95,,,,
2025-07,Wow_Momo,312149,Wow_Momo,India_1,1224,663070.3615,0,8119.08,14257.78,,272457,301438,286714.78,,,,
2025-07,Wow_Momo,181148,Wow_Momo,India_1,271,132437.982,0,1825.96,3288.86,,50791.2,59429,54080.06,,,,
2025-07,Wow_Momo,170934,Wow_Momo,India_1,278,136501.1515,0,2148.65,3868.8,,52871.1,62893,56739.9,,,,
2025-07,Wow_Momo,650819,Wow_Momo,India_1,1321,741484.9117,0,4740.9,8204.23,,341862.8,362954,350067.03,,,,
2025-07,Wow_Momo,798674,Wow_Momo,India_1,156,85830.44244,0,1453.75,2496.14,,36082.2,41644,38578.34,,,,
2025-07,Wow_Momo,634746,Wow_Momo,India_1,386,205795.9707,0,1316.5,2423.42,,85292,90439,87715.42,,,,
2025-07,Wow_Momo,886914,Wow_Momo,India_2,637,335011.6535,0,1601.56,2909.95,,161598,173692,164507.95,,,,
2025-07,Wow_Momo,722265,Wow_Momo,India_2,194,78533.23917,0,521.84,969.13,,30802.4,35302,31771.53,,,,
2025-07,Wow_Momo,875299,Wow_Momo,India_2,1297,658432.2821,0,2992.96,5536.77,,288546.7,306342,294083.47,,,,
2025-07,Wow_Momo,223884,Wow_Momo,India_1,212,96380.11755,0,476.25,898.73,,35492.7,38591,36391.43,,,,
2025-07,Wow_Momo,185225,Wow_Momo,India_1,719,367700.4997,0,4409.77,7626.55,,148854.5,168794,156481.05,,,,
2025-07,Wow_Momo,183908,Wow_Momo,India_1,618,328679.5251,0,2621.67,4703.82,,135298.9,147517,140002.72,,,,
2025-07,Wow_Momo,18517,Wow_Momo,India_1,657,343056.4958,0,5353.24,9184.45,,133805.8,154889,142990.25,,,,
2025-07,Wow_Momo,772159,Wow_Momo,India_1,489,269342.428,0,1419.73,2520.14,,115559,124156,118079.14,,,,
2025-07,Wow_Momo,785273,Wow_Momo,India_1,860,449852.9649,0,3381.93,6094.83,,186422.6,205254,192517.43,,,,
2025-07,Wow_Momo,678545,Wow_Momo,India_1,1523,791651.8691,0,9822.07,17380.68,,309834.8,346888,327215.48,,,,
2025-07,Wow_Momo,260442,Wow_Momo,India_1,476,255065.3042,0,1894.19,3272.65,,105726.4,114531,108999.05,,,,
2025-07,Wow_Momo,18519,Wow_Momo,India_1,922,459910.4065,0,3871.73,6874.43,,176221.9,195614,183096.33,,,,
2025-07,Wow_Momo,746147,Wow_Momo,India_1,717,354250.0962,0,2654.68,4824.24,,144379,155697,149203.24,,,,
2025-07,Wow_Momo,833330,Wow_Momo,India_1,839,423237.2278,0,4251.58,7511.93,,165003.2,188956,172515.13,,,,
2025-07,Wow_Momo,153548,Wow_Momo,India_1,476,235827.883,0,1813.74,3036.16,,94875,105531,97911.16,,,,
2025-07,Wow_Momo,864539,Wow_Momo,India_1,467,256957.974,0,2444.99,4973.58,,96270.8,106849,101244.38,,,,
2025-07,Wow_Momo,573965,Wow_Momo,India_1,180,84259.51297,0,877.49,1897.39,,30919,34604,32816.39,,,,
2025-07,Wow_Momo,992793,Wow_Momo,India_1,495,247566.1989,0,1496.73,2872.49,,106012,112154,108884.49,,,,
2025-07,Wow_Momo,642681,Wow_Momo,India_2,580,272654.1611,0,1607.56,3021.07,,112995.2,124961,116016.27,,,,
2025-07,Wow_Momo,232083,Wow_Momo,India_1,233,101744.0894,0,1761.74,3360.98,,34389.1,42215,37750.08,,,,
2025-07,Wow_Momo,467952,Wow_Momo,India_1,163,91774.93421,0,871.16,1496.39,,41191,44464,42687.39,,,,
2025-07,Wow_Momo,595301,Wow_Momo,India_1,299,156438.462,0,1635.8,3544.55,,61972.1,70722,65516.65,,,,
2025-07,Wow_Momo,584696,Wow_Momo,India_1,149,75685.33088,0,1186.49,2103.4,,29272,34037,31375.4,,,,
2025-07,Wow_Momo,304333,Wow_Momo,India_1,637,322744.8736,0,1465.32,2559.83,,132817.3,144420,135377.13,,,,
2025-07,Wow_Momo,1019951,Wow_Momo,India_2,270,117312.403,0,1233.85,2341.41,,47382.1,55542,49723.51,,,,
2025-07,Wow_Momo,918814,Wow_Momo,India_1,15,8070.872936,0,146.42,250.49,,3010,3452,3260.49,,,,
2025-07,Wow_Momo,419702,Wow_Momo,India_1,409,214252.9564,0,1413.93,2620.55,,86617.2,97553,89237.75,,,,
2025-07,Wow_Momo,609317,Wow_Momo,India_1,353,183357.443,0,1576.25,2744.41,,78820,84445,81564.41,,,,
2025-07,Wow_Momo,970862,Wow_Momo,India_1,276,125702.4992,0,2803.85,5249.87,,45719.8,55777,50969.67,,,,
2025-07,Wow_Momo,328307,Wow_Momo,India_1,785,385303.6355,0,3037.37,5355.03,,150254.6,167125,155609.63,,,,
2025-07,Wow_Momo,305422,Wow_Momo,India_1,400,200620.6021,0,1134.99,2014.94,,85516.9,92434,87531.84,,,,
2025-07,Wow_Momo,167396,Wow_Momo,India_1,333,148024.665,0,539.16,951.28,,60949.1,68822,61900.38,,,,
2025-07,Wow_Momo,411451,Wow_Momo,India_1,874,487611.5995,0,2389.72,4558.65,,209384,219618,213942.65,,,,
2025-07,Wow_Momo,570009,Wow_Momo,India_2,198,90595.88615,0,333.75,691.24,,39754,42799,40445.24,,,,
2025-07,Wow_Momo,577156,Wow_Momo,India_1,85,41149.34439,0,861.47,1542.66,,14821.4,17826,16364.06,,,,
2025-07,Wow_Momo,26352,Wow_Momo,India_1,484,244255.4306,0,1664.44,2840.99,,101323.6,109601,104164.59,,,,
2025-07,Wow_Momo,1000677,Wow_Momo,India_1,900,476327.1253,0,2298.67,4300.7,,212214,223014,216514.7,,,,
2025-07,Wow_Momo,101040,Wow_Momo,India_1,391,216734.0161,0,646.24,1078.71,,93725,97386,94803.71,,,,
2025-07,Wow_Momo,1060616,Wow_Momo,India_1,527,295654.6065,0,2376.94,4180.03,,138202.8,152561,142382.83,,,,
2025-07,Wow_Momo,20210,Wow_Momo,India_1,527,256025.519,0,2194.57,4000.55,,102068,110877,106068.55,,,,
2025-07,Wow_Momo,759230,Wow_Momo,India_1,650,348370.9288,0,2108.93,3835.79,,156452.2,168936,160287.99,,,,
2025-07,Wow_Momo,693212,Wow_Momo,India_1,643,358362.2029,0,3398.69,5984.49,,145214.3,159248,151198.79,,,,
2025-07,Wow_Momo,521118,Wow_Momo,India_1,405,196616.7208,0,3283.83,5849.7,,74889.6,88799,80739.3,,,,
2025-07,Wow_Momo,699418,Wow_Momo,India_2,446,190385.1229,0,1583.76,3179.47,,71390.5,82524,74569.97,,,,
2025-07,Wow_Momo,699425,Wow_Momo,India_1,1174,623963.8864,0,4962.1,8730.83,,248320.1,269150,257050.93,,,,
2025-07,Wow_Momo,51617,Wow_Momo,India_1,859,488387.9286,0,4288.53,7593.23,,218644,239803,226237.23,,,,
2025-07,Wow_Momo,484601,Wow_Momo,India_1,355,173938.509,0,1302.5,2347.46,,71369.4,78194,73716.86,,,,
2025-07,Wow_Momo,865550,Wow_Momo,India_2,745,390871.4174,0,2380.14,4352.34,,166154.4,183022,170506.74,,,,
2025-07,Wow_Momo,128817,Wow_Momo,India_1,1340,696287.588,0,5361.16,9331.67,,270451.5,299856,279783.17,,,,
2025-07,Wow_Momo,568700,Wow_Momo,India_1,201,88927.44849,0,543,879.82,,38586.8,43696,39466.62,,,,
2025-07,Wow_Momo,864534,Wow_Momo,India_1,850,477464.4834,0,3870.37,6810.5,,191664.8,208006,198475.3,,,,
2025-07,Wow_Momo,27854,Wow_Momo,India_1,573,270891.7536,0,5312.6,9569.02,,98531.2,116531,108100.22,,,,
2025-07,Wow_Momo,244007,Wow_Momo,India_1,1137,589658.7227,0,8181.46,14856.99,,245493.2,276646,260350.19,,,,
2025-07,Wow_Momo,458857,Wow_Momo,India_1,898,495578.2289,0,5206.3,9330.69,,233922.2,256681,243252.89,,,,
2025-07,Wow_Momo,874675,Wow_Momo,India_1,905,399693.5822,0,2783.1,5104.82,,158385,170241,163489.82,,,,
2025-07,Wow_Momo,223838,Wow_Momo,India_1,404,219233.822,0,1369.17,2569.22,,96717.6,104768,99286.82,,,,
2025-07,Wow_Momo,360967,Wow_Momo,India_1,1032,528489.0354,0,5840.07,10303.5,,218331.3,239884,228634.8,,,,
2025-07,Wow_Momo,73859,Wow_Momo,India_1,516,256686.6716,0,966.97,1824.37,,105110.9,114265,106935.27,,,,
2025-07,Wow_Momo,656474,Wow_Momo,India_1,995,523660.8779,0,3207.32,5593.45,,222049.5,237208,227642.95,,,,
2025-07,Wow_Momo,604580,Wow_Momo,India_1,452,233543.9788,0,1500.58,2533.16,,107890.3,115473,110423.46,,,,
2025-07,Wow_Momo,966447,Wow_Momo,India_1,675,359454.745,0,3302.96,5798.21,,158172.1,171070,163970.31,,,,
2025-07,Wow_Momo,772164,Wow_Momo,India_1,97,45444.89969,0,311.97,579.34,,18735.7,20520,19315.04,,,,
2025-07,Wow_Momo,699424,Wow_Momo,India_1,710,375048.7612,0,2652.71,4779.09,,152209.1,163849,156988.19,,,,
2025-07,Wow_Momo,624736,Wow_Momo,India_1,401,226606.0313,0,2960.63,5073.18,,92722.2,104746,97795.38,,,,
2025-07,Wow_Momo,407381,Wow_Momo,India_1,742,399719.9071,0,4259.84,7205.22,,157238.7,174592,164443.92,,,,
2025-07,Wow_Momo,363823,Wow_Momo,India_1,930,452619.9023,0,4163.79,7396.92,,197892.7,214326,205289.62,,,,
2025-07,Wow_Momo,262054,Wow_Momo,India_1,262,129321.2,0,1667.77,3192.91,,49572.8,56252,52765.71,,,,
2025-07,Wow_Momo,1125569,Wow_Momo,India_1,228,104273.0047,0,5161.2,9213.17,,12925,32724,22138.17,,,,
2025-07,Wow_Momo,967723,Wow_Momo,India_2,272,118516.8172,0,1358.99,2523.77,,47389.1,55557,49912.87,,,,
2025-07,Wow_Momo,971026,Wow_Momo,India_1,576,262181.8257,0,2438.64,4630.29,,102338.1,112513,106968.39,,,,
2025-07,Wow_Momo,1123783,Wow_Momo,India_2,202,122663.945,0,511,908.96,,32407,36384,33315.96,,,,
2025-07,Wow_Momo,642660,Wow_Momo,India_1,47,23071.18321,0,87.5,162.49,,9424.5,10321,9586.99,,,,
2025-07,Wow_Momo,341676,Wow_Momo,India_1,274,125042.3446,0,815.55,1471.71,,50250.5,57540,51722.21,,,,
2025-07,Wow_Momo,557347,Wow_Momo,India_1,194,84905.25629,0,470.7,845.6,,37078.1,43500,37923.7,,,,
2025-07,Wow_Momo,622002,Wow_Momo,India_1,218,114725.1818,0,1018.38,1649.84,,46762.7,51621,48412.54,,,,
2025-07,Wow_Momo,966227,Wow_Momo,India_2,66,31482.08479,0,218.75,406.24,,13575,14935,13981.24,,,,
2025-07,Wow_Momo,943968,Wow_Momo,India_2,381,176874.0398,0,936.29,1824.22,,71902.6,80172,73726.82,,,,
2025-07,Wow_Momo,742700,Wow_Momo,India_1,1098,545277.4897,0,6777.99,12191.06,,233297.1,256909,245488.16,,,,
2025-07,Wow_Momo,312124,Wow_Momo,India_1,1551,790391.9107,0,6895.92,12227.24,,342702,367129,354929.24,,,,
2025-07,Wow_Momo,41471,Wow_Momo,India_1,397,243501.7107,0,1517.85,2951.02,,122001,132168,124952.02,,,,
2025-07,Wow_Momo,218946,Wow_Momo,India_1,255,145820.8796,0,1836.84,3388.03,,62666.2,70859,66054.23,,,,
2025-07,Wow_Momo,642657,Wow_Momo,India_1,170,72135.12511,0,769.69,1372.25,,28682.4,32822,30054.65,,,,
2025-07,Wow_Momo,169703,Wow_Momo,India_2,396,170518.2105,0,735.59,1337.51,,68786.5,78357,70124.01,,,,
2025-07,Wow_Momo,151217,Wow_Momo,India_1,766,377526.71,0,2930.42,5138.94,,146741.2,163995,151880.14,,,,
2025-07,Wow_Momo,648919,Wow_Momo,India_1,400,191839.0113,0,883.18,1654.18,,87465.2,96757,89119.38,,,,
2025-07,Wow_Momo,1018997,Wow_Momo,India_1,248,117089.7612,0,1141,2128.96,,48288.8,53978,50417.76,,,,
2025-07,Wow_Momo,15684,Wow_Momo,India_1,266,137051.4768,0,2099.44,3748.84,,55886.9,66558,59635.74,,,,
2025-07,Wow_Momo,32288,Wow_Momo,India_1,149,81746.71431,0,291.23,483.73,,35511.2,37873,35994.93,,,,
2025-07,Wow_Momo,523239,Wow_Momo,India_1,116,58830.12655,0,565,909.98,,26215,28569,27124.98,,,,
2025-07,Wow_Momo,58573,Wow_Momo,India_1,748,435494.718,0,4102.39,7220.01,,199994,217945,207214.01,,,,
2025-07,Wow_Momo,750674,Wow_Momo,India_1,221,106960.8766,0,1671.13,2996.32,,42616,48809,45612.32,,,,
2025-07,Wow_Momo,952687,Wow_Momo,India_2,1224,580494.5609,0,1805.24,3434.58,,277480.6,301042,280915.18,,,,
2025-07,Wow_Momo,302061,Wow_Momo,India_1,347,191482.657,0,1710.34,2926.31,,87293.8,96960,90220.11,,,,
2025-07,Wow_Momo,32285,Wow_Momo,India_1,487,239034.4106,0,3611.24,6413.55,,92041,104905,98454.55,,,,
2025-07,Wow_Momo,704796,Wow_Momo,India_1,401,239148.5431,0,1653.88,2949.93,,108883,115392,111832.93,,,,
2025-07,Wow_Momo,21402,Wow_Momo,India_1,265,129216.1964,0,1029.65,1857.93,,52357.8,56466,54215.73,,,,
2025-07,Wow_Momo,98067,Wow_Momo,India_1,491,285218.2122,0,2063.24,3596.63,,127764.2,136216,131360.83,,,,
2025-07,Wow_Momo,333179,Wow_Momo,India_1,374,185160.9384,0,1391.23,2458.68,,76383,81863,78841.68,,,,
2025-07,Wow_Momo,410276,Wow_Momo,India_1,952,509501.4956,0,4430.46,7742.82,,202144.6,219428,209887.42,,,,
2025-07,Wow_Momo,646876,Wow_Momo,India_2,255,134302.0038,0,518.65,963.19,,57887.6,62428,58850.79,,,,
2025-07,Wow_Momo,675348,Wow_Momo,India_1,371,198263.2548,0,1346.14,2332.11,,82088.9,87928,84421.01,,,,
2025-07,Wow_Momo,13918,Wow_Momo,India_1,407,217782.6291,0,1490.8,2615.05,,92389.6,102802,95004.65,,,,
2025-07,Wow_Momo,1125579,Wow_Momo,India_2,133,54166.91839,0,2852.89,5212.39,,11916,23296,17128.39,,,,
2025-07,Wow_Momo,610739,Wow_Momo,India_2,55,27139.36747,0,215.72,400.62,,11787,13388,12187.62,,,,
2025-07,Wow_Momo,299135,Wow_Momo,India_1,628,332304.2748,0,2051.78,3643.25,,139772,153997,143415.25,,,,
2025-07,Wow_Momo,393713,Wow_Momo,India_1,499,263329.3078,0,3276.24,5927.88,,112482,123706,118409.88,,,,
2025-07,Wow_Momo,244438,Wow_Momo,India_1,560,286648.9577,0,2167.63,3989.83,,123269,132736,127258.83,,,,
2025-07,Wow_Momo,992789,Wow_Momo,India_1,494,255168.3598,0,1428.82,2725.98,,110512,117058,113237.98,,,,
2025-07,Wow_Momo,659629,Wow_Momo,India_1,455,199581.2797,0,2223.8,4101.25,,71250.2,82146,75351.45,,,,
2025-07,Wow_Momo,806604,Wow_Momo,India_1,385,200815.7244,0,1873.06,3392.79,,80225.5,87884,83618.29,,,,
2025-07,Wow_Momo,407377,Wow_Momo,India_1,438,254405.8078,0,2293.8,4038.4,,113447.4,120910,117485.8,,,,
2025-07,Wow_Momo,480170,Wow_Momo,India_1,213,116035.0932,0,975.15,1696.66,,56773,62144,58469.66,,,,
2025-07,Wow_Momo,14122,Wow_Momo,India_1,541,299390.6431,0,1685.64,3091.57,,133476.1,144095,136567.67,,,,
2025-07,Wow_Momo,864541,Wow_Momo,India_1,724,380916.046,0,2341.21,4281.41,,156306.3,169209,160587.71,,,,
2025-07,Wow_Momo,96881,Wow_Momo,India_1,933,487210.4565,0,4114.28,7162.79,,200701.1,220585,207863.89,,,,
2025-07,Wow_Momo,262891,Wow_Momo,India_1,319,134061.5824,0,2402.89,4458.87,,44508.7,54115,48967.57,,,,
2025-07,Wow_Momo,671902,Wow_Momo,India_2,404,205404.369,0,969.49,1927.06,,85017.9,93628,86944.96,,,,
2025-07,Wow_Momo,602944,Wow_Momo,India_2,134,65545.20417,0,307.5,592.46,,25700,28225,26292.46,,,,
2025-07,Wow_Momo,21742,Wow_Momo,India_1,759,384538.5121,0,4192.02,7356.47,,157852.9,175818,165209.37,,,,
2025-07,Wow_Momo,94959,Wow_Momo,India_1,278,144840.2572,0,1050.81,1908.6,,58504.6,63064,60413.2,,,,
2025-07,Wow_Momo,259465,Wow_Momo,India_1,397,223611.8997,0,1171.83,2088.38,,102936.4,108883,105024.78,,,,
2025-07,Wow_Momo,699423,Wow_Momo,India_1,886,463501.9879,0,2755.63,4777.46,,194961.9,208393,199739.36,,,,
2025-07,Wow_Momo,66799,Wow_Momo,India_1,273,120450.5514,0,1850.13,3400.2,,42157.5,49978,45557.7,,,,
2025-07,Wow_Momo,427064,Wow_Momo,India_1,98,52939.51464,0,287.5,512.48,,20844.8,22556,21357.28,,,,
2025-07,Wow_Momo,881803,Wow_Momo,India_1,179,82592.50214,0,1510.84,2684.32,,31266,36716,33950.32,,,,
2025-07,Wow_Momo,926942,Wow_Momo,India_2,290,112455.6307,0,1358.56,2551.56,,51045.3,61494,53596.86,,,,
2025-07,Wow_Momo,932340,Wow_Momo,India_1,490,260041.6675,0,2050.71,3715.56,,112622.4,121334,116337.96,,,,
2025-07,Wow_Momo,564244,Wow_Momo,India_2,677,324030.5665,0,1078.4,2159.83,,141082.9,154980,143242.73,,,,
2025-07,Wow_Momo,613914,Wow_Momo,India_1,312,151661.4606,0,1064.86,1877.5,,65135.2,73562,67012.7,,,,
2025-07,Wow_Momo,333174,Wow_Momo,India_1,1279,674580.9032,0,4335,7814.9,,276526.1,298760,284341,,,,
2025-07,Wow_Momo,96094,Wow_Momo,India_1,235,118141.2566,0,922.42,1588.04,,47137,51253,48725.04,,,,
2025-07,Wow_Momo,602945,Wow_Momo,India_1,678,357271.5211,0,3818.38,6923.08,,162646.6,181673,169569.68,,,,
2025-07,Wow_Momo,466737,Wow_Momo,India_1,352,202111.7399,0,1433.48,2431.41,,93686.5,102609,96117.91,,,,
2025-07,Wow_Momo,217809,Wow_Momo,India_2,608,281820.0279,0,1792.71,3432.85,,102421.2,116937,105854.05,,,,
2025-07,Wow_Momo,581572,Wow_Momo,India_1,385,198348.7412,0,3357.57,5532.57,,79457.5,93211,84990.07,,,,
2025-07,Wow_Momo,1067072,Wow_Momo,India_2,799,351456.857,0,3231.53,6058.26,,136509.4,158409,142567.66,,,,
2025-07,Wow_Momo,355570,Wow_Momo,India_1,1007,564503.2097,0,3814.22,6683.25,,268945.5,286730,275628.75,,,,
2025-07,Wow_Momo,888354,Wow_Momo,India_2,649,301668.0939,0,2481.19,4507.84,,118701.4,134114,123209.24,,,,
2025-07,Wow_Momo,263416,Wow_Momo,India_1,718,348779.921,0,5138.99,8943.62,,141626,160423,150569.62,,,,
2025-07,Wow_Momo,753910,Wow_Momo,India_1,429,219261.8313,0,1770.31,3223.36,,91135,100321,94358.36,,,,
2025-07,Wow_Momo,523695,Wow_Momo,India_1,462,246197.4047,0,2094.11,3789.04,,117419.2,131079,121208.24,,,,
2025-07,Wow_Momo,1045926,Wow_Momo,India_1,315,154468.1444,0,2130.25,3952.51,,69025.8,78858,72978.31,,,,
2025-07,Wow_Momo,937302,Wow_Momo,India_2,824,325417.5071,0,1526.03,2884.12,,130049,143418,132933.12,,,,
2025-07,Wow_Momo,911626,Wow_Momo,India_2,1124,452084.7667,0,2423.44,4656.23,,158806.1,180549,163462.33,,,,
2025-07,Wow_Momo,620975,Wow_Momo,India_1,663,345572.6151,0,2079.78,3648.07,,141115.2,152621,144763.27,,,,
2025-07,Wow_Momo,753901,Wow_Momo,India_2,250,108131.3304,0,713.23,1396,,43340.7,50010,44736.7,,,,
2025-07,Wow_Momo,755970,Wow_Momo,India_1,233,129294.556,0,298.67,554.68,,60117.8,62894,60672.48,,,,
2025-07,Wow_Momo,194367,Wow_Momo,India_1,110,57005.1336,0,365,734.98,,25331.3,28187,26066.28,,,,
2025-07,Wow_Momo,786564,Wow_Momo,India_1,843,428584.7182,0,4165.95,7244.45,,172177.5,189595,179421.95,,,,
2025-07,Wow_Momo,27163,Wow_Momo,India_1,271,137567.4033,0,1167.88,2004.59,,57787.1,65701,59791.69,,,,
2025-07,Wow_Momo,920693,Wow_Momo,India_1,386,188264.5095,0,3034.57,5557,,70700,81870,76257,,,,
2025-07,Wow_Momo,79066,Wow_Momo,India_1,299,126256.1394,0,717.75,1417.25,,46352.4,51541,47769.65,,,,
2025-07,Wow_Momo,722752,Wow_Momo,India_1,390,168888.0646,0,3619.72,6729.37,,58683,73008,65412.37,,,,
2025-07,Wow_Momo,908946,Wow_Momo,India_1,473,227665.5183,0,2413.86,4266.2,,102128.3,116391,106394.5,,,,
2025-07,Wow_Momo,942545,Wow_Momo,India_2,260,115024.4246,0,1474.2,2779.82,,44262.4,52686,47042.22,,,,
2025-07,Wow_Momo,402717,Wow_Momo,India_1,382,177998.9785,0,1384.51,2542.58,,75032,83123,77574.58,,,,
2025-07,Wow_Momo,680199,Wow_Momo,India_1,240,125782.5848,0,453.11,755.8,,60254,62858,61009.8,,,,
2025-07,Wow_Momo,84112,Wow_Momo,India_1,5,2647.998789,0,0,0,,915,1125,915,,,,
2025-07,Wow_Momo,1066138,Wow_Momo,India_1,340,160693.2729,0,2345.07,4355.02,,63584.4,73560,67939.42,,,,
2025-07,Wow_Momo,633145,Wow_Momo,India_1,898,478106.1041,0,3220.88,5852.68,,210441.5,224589,216294.18,,,,
2025-07,Wow_Momo,593678,Wow_Momo,India_2,99,46267.04546,0,575.61,1068.97,,18968,21893,20036.97,,,,
2025-07,Wow_Momo,1019027,Wow_Momo,India_1,428,204116.6442,0,3442.04,6474.43,,77692,90773,84166.43,,,,
2025-07,Wow_Momo,774610,Wow_Momo,India_2,192,86989.37865,0,762.66,1459.21,,35486,39403,36945.21,,,,
2025-07,Wow_Momo,625686,Wow_Momo,India_1,123,53920.97641,0,721.53,1328.53,,20191,22985,21519.53,,,,
2025-07,Wow_Momo,759226,Wow_Momo,India_2,184,79380.70614,0,302.32,532.89,,31492.2,36054,32025.09,,,,
2025-07,Wow_Momo,979739,Wow_Momo,India_2,1408,716931.2548,0,3303.69,6762.12,,305768.7,327562,312530.82,,,,
2025-07,Wow_Momo,331817,Wow_Momo,India_1,589,343270.4808,0,3289.61,5946.63,,159007.9,173798,164954.53,,,,
2025-07,Wow_Momo,500508,Wow_Momo,India_1,1021,562820.5329,0,1894.04,3506.71,,240553,248745,244059.71,,,,
2025-07,Wow_Momo,1011078,Wow_Momo,India_1,529,317172.7256,0,3397.01,5917.19,,150196.7,165116,156113.89,,,,
2025-07,Wow_Momo,396874,Wow_Momo,India_1,984,488571.1737,0,4074.33,7145.06,,207840.9,227771,214985.96,,,,
2025-07,Wow_Momo,774608,Wow_Momo,India_2,480,216253.4861,0,2292.24,4271.25,,84885.6,100337,89156.85,,,,
2025-07,Wow_Momo,728527,Wow_Momo,India_2,192,81599.08367,0,582.62,1137.7,,32046.5,37133,33184.2,,,,
2025-07,Wow_Momo,648910,Wow_Momo,India_2,230,100656.9976,0,1067.08,2091.02,,39588.8,47130,41679.82,,,,
2025-07,Wow_Momo,13922,Wow_Momo,India_1,464,244413.8708,0,1679.21,2854.26,,106086.7,114699,108940.96,,,,
2025-07,Wow_Momo,15680,Wow_Momo,India_1,1134,568067.3506,0,5190.52,9001.45,,234724.8,259490,243726.25,,,,
2025-07,Wow_Momo,905188,Wow_Momo,India_2,273,136012.5094,0,1257.48,2342.4,,63191,69266,65533.4,,,,
2025-07,Wow_Momo,21741,Wow_Momo,India_1,513,263527.0983,0,2501.61,4475,,112241.5,122665,116716.5,,,,
2025-07,Wow_Momo,92876,Wow_Momo,India_1,246,131446.3606,0,1312.15,2229.66,,58669,64123,60898.66,,,,
2025-07,Wow_Momo,211500,Wow_Momo,India_1,770,361423.8084,0,1906.1,3618.38,,142301.6,153917,145919.98,,,,
2025-07,Wow_Momo,895428,Wow_Momo,India_1,578,287532.939,0,4097.79,7435.02,,123071.4,137431,130506.42,,,,
2025-07,Wow_Momo,93237,Wow_Momo,India_1,423,238226.2779,0,1238.06,2170.66,,108253.5,116020,110424.16,,,,
2025-07,Wow_Momo,77584,Wow_Momo,India_1,2527,1471797.91,0,9241.8,16038.77,,717818.1,761607,733856.87,,,,
2025-07,Wow_Momo,377176,Wow_Momo,India_1,217,117920.5225,0,569.17,1071.27,,51441.2,54526,52512.47,,,,
2025-07,Wow_Momo,806606,Wow_Momo,India_1,540,300946.0917,0,2793.83,4914.81,,118216.3,130099,123131.11,,,,
2025-07,Wow_Momo,895426,Wow_Momo,India_1,362,196540.1459,0,2464.94,4456.29,,77723.8,89287,82180.09,,,,
2025-07,Wow_Momo,31409,Wow_Momo,India_1,218,115012.4881,0,1329.92,2266.19,,45359,49510,47625.19,,,,
2025-07,Wow_Momo,465497,Wow_Momo,India_1,776,397556.4938,0,2953.32,5146.73,,174095.7,189169,179242.43,,,,
2025-07,Wow_Momo,864543,Wow_Momo,India_2,470,198074.2985,0,2917.42,5806.52,,64227.6,77397,70034.12,,,,
2025-07,Wow_Momo,14166,Wow_Momo,India_1,539,263227.8884,0,3200.99,5463.88,,106376.9,118396,111840.78,,,,
2025-07,Wow_Momo,211501,Wow_Momo,India_1,789,355249.2736,0,2990.53,5699.46,,129903.4,142839,135602.86,,,,
2025-07,Wow_Momo,308457,Wow_Momo,India_1,971,501265.2903,0,3963.31,6940.99,,207959.6,226385,214900.59,,,,
2025-07,Wow_Momo,725077,Wow_Momo,India_1,1686,796758.8423,0,9554.55,16988.09,,308761,344876,325749.09,,,,
2025-07,Wow_Momo,417550,Wow_Momo,India_1,734,389674.2058,0,2461.65,4285.82,,155984.2,166174,160270.02,,,,
2025-07,Wow_Momo,102190,Wow_Momo,India_1,238,127581.1173,0,856.41,1490.46,,57997.7,63478,59488.16,,,,
2025-07,Wow_Momo,888356,Wow_Momo,India_1,1088,543195.8069,0,4979.77,8856.26,,219871.7,243109,228727.96,,,,
2025-07,Wow_Momo,15677,Wow_Momo,India_1,756,425139.6244,0,5835.19,10670.18,,191975,213230,202645.18,,,,
2025-07,Wow_Momo,258122,Wow_Momo,India_1,1060,536904.266,0,3529.14,6036.09,,230595,249654,236631.09,,,,
2025-07,Wow_Momo,255696,Wow_Momo,India_1,879,488783.2676,0,5030.08,8787.85,,210989,228820,219776.85,,,,
2025-07,Wow_Momo,44902,Wow_Momo,India_1,300,151594.3219,0,2046.13,3802.45,,61363.3,69452,65165.75,,,,
2025-07,Wow_Momo,874678,Wow_Momo,India_2,848,361144.0489,0,2724.78,5246.46,,144922.1,163466,150168.56,,,,
2025-07,Wow_Momo,615720,Wow_Momo,India_1,210,112501.3347,0,1093.39,1876.95,,47923.8,52195,49800.75,,,,
2025-07,Wow_Momo,335778,Wow_Momo,India_1,689,356413.9379,0,4698.58,8304.1,,138010,154645,146314.1,,,,
2025-07,Wow_Momo,184568,Wow_Momo,India_1,985,452988.0413,0,3416.18,6131.37,,180123.1,201324,186254.47,,,,
2025-07,Wow_Momo,369492,Wow_Momo,India_1,342,180631.3388,0,858.99,1478.8,,76405.2,80725,77884,,,,
2025-07,Wow_Momo,915026,Wow_Momo,India_2,640,296700.7617,0,3701.84,7355.27,,112577.8,132013,119933.07,,,,
2025-07,Wow_Momo,242626,Wow_Momo,India_1,216,95046.07878,0,1927.5,3615.28,,31453,38935,35068.28,,,,
2025-07,Wow_Momo,13920,Wow_Momo,India_1,719,358264.2087,0,3398.18,5919.75,,142515.5,158982,148435.25,,,,
2025-07,Wow_Momo,665195,Wow_Momo,India_1,626,290455.3578,0,1683.72,3205.43,,117591.3,131374,120796.73,,,,
2025-07,Wow_Momo,244004,Wow_Momo,India_1,1208,560270.8992,0,9400.74,16913.14,,210878.5,244658,227791.64,,,,
2025-07,Wow_Momo,920690,Wow_Momo,India_2,634,286967.0094,0,1370.03,2508.57,,115356.6,129470,117865.17,,,,
2025-07,Wow_Momo,694789,Wow_Momo,India_1,1812,961292.432,0,8371.31,14637.14,,389911.1,423111,404548.24,,,,
2025-07,Wow_Momo,232817,Wow_Momo,India_1,190,106753.6537,0,683.59,1262.37,,44830,47690,46092.37,,,,
2025-07,Wow_Momo,895432,Wow_Momo,India_2,137,62201.32022,0,446.24,828.72,,25713.5,30303,26542.22,,,,
2025-07,Wow_Momo,938008,Wow_Momo,India_1,106,68436.94053,0,777.42,1320.2,,28386,31093,29706.2,,,,
2025-07,Wow_Momo,166469,Wow_Momo,India_1,357,194138.7849,0,1320.1,2301.51,,87959.3,94394,90260.81,,,,
2025-07,Wow_Momo,27853,Wow_Momo,India_1,521,309998.0109,0,2863.63,4967.98,,136552.4,149705,141520.38,,,,
2025-07,Wow_Momo,266457,Wow_Momo,India_1,281,144782.1591,0,723.39,1414.81,,58289,61558,59703.81,,,,
2025-07,Wow_Momo,213119,Wow_Momo,India_1,278,138132.8995,0,935.18,1620.31,,56267.8,62264,57888.11,,,,
2025-07,Wow_Momo,938118,Wow_Momo,India_2,70,34860.31098,0,437.49,812.48,,12897.8,15489,13710.28,,,,
2025-07,Wow_Momo,464324,Wow_Momo,India_1,415,219052.8833,0,2672.44,4580.84,,86604,96516,91184.84,,,,
2025-07,Wow_Momo,453672,Wow_Momo,India_2,704,328897.579,0,1349.56,2584.81,,146368.3,160987,148953.11,,,,
2025-07,Wow_Momo,535794,Wow_Momo,India_1,510,289481.0542,0,2634.98,4514.77,,126131.4,138285,130646.17,,,,
2025-07,Wow_Momo,46877,Wow_Momo,India_1,546,331220.5274,0,1495.33,2574.84,,163826.2,174928,166401.04,,,,
2025-07,Wow_Momo,86194,Wow_Momo,India_1,174,76192.7087,0,1843.69,3509.4,,25880.4,32902,29389.8,,,,
2025-07,Wow_Momo,644590,Wow_Momo,India_2,249,105114.9766,0,1371.57,2578.53,,38309.5,46982,40888.03,,,,
2025-07,Wow_Momo,851725,Wow_Momo,India_1,260,108244.6294,0,645.72,1170.6,,40658.1,44398,41828.7,,,,
2025-07,Wow_Momo,102778,Wow_Momo,India_1,437,207043.8104,0,1620.77,2923.85,,83953.1,95760,86876.95,,,,
2025-07,Wow_Momo,1033272,Wow_Momo,India_1,236,112909.3868,0,1223.27,2221.45,,45344.8,54388,47566.25,,,,
2025-07,Wow_Momo,1125577,Wow_Momo,India_1,123,51589.56788,0,2952.26,5425.4,,7044,18816,12469.4,,,,
2025-07,Wow_Momo,22037,Wow_Momo,India_1,93,55437.34818,0,364.47,626.85,,25459,27545,26085.85,,,,
2025-07,Wow_Momo,1066274,Wow_Momo,India_2,295,142990.3203,0,1031.96,1859.3,,61835.5,68927,63694.8,,,,
2025-07,Wow_Momo,646961,Wow_Momo,India_2,597,252444.8553,0,4464.77,8559.42,,95231,113177,103790.42,,,,
2025-07,Wow_Momo,747331,Wow_Momo,India_2,273,116061.9421,0,1363.5,2613.54,,43689,50040,46302.54,,,,
2025-07,Wow_Momo,89705,Wow_Momo,India_1,168,72580.41207,0,1248.72,2390.39,,25293,29602,27683.39,,,,
2025-07,Wow_Momo,1005900,Wow_Momo,India_2,301,171030.7028,0,310,689.96,,82830.8,88592,83520.76,,,,
2025-07,Wow_Momo,961939,Wow_Momo,India_1,170,82349.20986,0,1521.96,3022.13,,34214,39453,37236.13,,,,
2025-07,Wow_Momo,188021,Wow_Momo,India_1,380,193399.1538,0,1458.48,2456.42,,77688,85622,80144.42,,,,
2025-07,Wow_Momo,875188,Wow_Momo,India_2,53,24633.36007,0,93.45,173.55,,10017.1,11792,10190.65,,,,
2025-07,Wow_Momo,181150,Wow_Momo,India_1,167,83966.40631,0,507.5,892.48,,36766.4,39312,37658.88,,,,
2025-07,Wow_Momo,220833,Wow_Momo,India_1,287,133470.9214,0,1109.68,2085.1,,53126.7,59775,55211.8,,,,
2025-07,Wow_Momo,433400,Wow_Momo,India_1,747,392351.5249,0,4568.58,8096.06,,178984.3,197417,187080.36,,,,
2025-07,Wow_Momo,89711,Wow_Momo,India_1,1216,547203.9058,0,9467.55,17681.42,,175581.5,213260,193262.92,,,,
2025-07,Wow_Momo,799811,Wow_Momo,India_1,186,81494.68516,0,412.14,765.39,,34024.9,39665,34790.29,,,,
2025-07,Wow_Momo,504595,Wow_Momo,India_1,910,407815.0929,0,5687.08,10203.68,,163584,182147,173787.68,,,,
2025-07,Wow_Momo,475593,Wow_Momo,India_1,757,394520.5841,0,2465.51,4364.41,,185954.6,197003,190319.01,,,,
2025-07,Wow_Momo,151030,Wow_Momo,India_1,913,417749.809,0,3315.88,6044.26,,166026.7,186562,172070.96,,,,
2025-07,Wow_Momo,22041,Wow_Momo,India_1,191,106748.9234,0,586.25,1038.73,,48772,51617,49810.73,,,,
2025-07,Wow_Momo,799812,Wow_Momo,India_2,296,129065.3297,0,675,1274.96,,49905.8,58200,51180.76,,,,
2025-07,Wow_Momo,620977,Wow_Momo,India_1,451,222931.4451,0,2072.24,3772.13,,81895.6,90241,85667.73,,,,
2025-07,Wow_Momo,1024346,Wow_Momo,India_1,777,418607.5453,0,2241.05,4233.21,,171248,181388,175481.21,,,,
2025-07,Wow_Momo,508442,Wow_Momo,India_1,344,184021.6705,0,1855.4,3297.23,,66330.9,75871,69628.13,,,,
2025-07,Wow_Momo,355021,Wow_Momo,India_1,737,352300.5601,0,5541.73,9855.79,,129072.4,151060,138928.19,,,,
2025-07,Wow_Momo,26354,Wow_Momo,India_1,879,434752.3062,0,3262.87,5636.02,,178898.2,198809,184534.22,,,,
2025-07,Wow_Momo,410710,Wow_Momo,India_1,437,216003.7318,0,2709.32,4838.53,,89658,99652,94496.53,,,,
2025-07,Wow_Momo,542182,Wow_Momo,India_1,522,277302.9934,0,1158.65,2008.86,,121401,127029,123409.86,,,,
2025-07,Wow_Momo,966444,Wow_Momo,India_2,654,314641.8244,0,1729.08,3428.23,,148475.1,161510,151903.33,,,,
2025-07,Wow_Momo,341677,Wow_Momo,India_1,357,164730.99,0,1150.31,2136.22,,71004,76705,73140.22,,,,
2025-07,Wow_Momo,465498,Wow_Momo,India_1,414,224120.0556,0,1272.57,2291.9,,103573.7,113171,105865.6,,,,
2025-07,Wow_Momo,788303,Wow_Momo,India_1,593,278880.9415,0,3493.16,6451.55,,107392.5,121637,113844.05,,,,
2025-07,Wow_Momo,390466,Wow_Momo,India_1,535,302752.7936,0,3268.07,5916.96,,130495.4,146889,136412.36,,,,
2025-07,Wow_Momo,994288,Wow_Momo,India_1,242,127394.7718,0,1313.99,2333.1,,56389,61899,58722.1,,,,
2025-07,Wow_Momo,494531,Wow_Momo,India_1,530,294501.7514,0,2240.11,4302.94,,119217,127700,123519.94,,,,
2025-07,Wow_Momo,319955,Wow_Momo,India_1,1283,728176.7437,0,5765.16,10578.85,,347346,373495,357924.85,,,,
2025-07,Wow_Momo,259986,Wow_Momo,India_1,1581,739181.4795,0,11465.61,20471.87,,295984.1,333602,316455.97,,,,
2025-07,Wow_Momo,355577,Wow_Momo,India_1,740,423391.9644,0,4040.9,7088.19,,193580.4,212087,200668.59,,,,
2025-07,Wow_Momo,53573,Wow_Momo,India_1,241,137997.2362,0,880.71,1585.57,,63793.2,69636,65378.77,,,,
2025-07,Wow_Momo,496611,Wow_Momo,India_1,992,489233.4795,0,5098.67,8771.6,,187002.4,207855,195774,,,,
2025-07,Wow_Momo,608718,Wow_Momo,India_1,702,370216.9195,0,4641.52,8470.91,,146990,165881,155460.91,,,,
2025-07,Wow_Momo,216641,Wow_Momo,India_1,597,324950.8864,0,2385.45,4265.73,,139842.8,150633,144108.53,,,,
2025-07,Wow_Momo,98071,Wow_Momo,India_1,157,85279.3671,0,571.44,1011.24,,39010,41047,40021.24,,,,
2025-07,Wow_Momo,579633,Wow_Momo,India_1,220,101016.148,0,776.24,1598.72,,39217.9,44036,40816.62,,,,
2025-07,Wow_Momo,297817,Wow_Momo,India_1,408,201170.3831,0,3213.42,5524.59,,81252.6,95426,86777.19,,,,
2025-07,Wow_Momo,257684,Wow_Momo,India_1,398,232475.5576,0,1448.93,2483.69,,108011.2,114681,110494.89,,,,
2025-07,Wow_Momo,496613,Wow_Momo,India_1,340,175317.3671,0,2199.15,4046.24,,78378.8,87577,82425.04,,,,
2025-07,Wow_Momo,699417,Wow_Momo,India_1,861,473240.1612,0,4840.88,8675.78,,198751.4,220398,207427.18,,,,
2025-07,Wow_Momo,673425,Wow_Momo,India_1,225,110158.233,0,1364.99,2384.91,,47160.5,53124,49545.41,,,,
2025-07,Wow_Momo,1058363,Wow_Momo,India_2,28,13633.57351,0,43.75,81.25,,5938,6153,6019.25,,,,
2025-07,Wow_Momo,579631,Wow_Momo,India_1,340,156365.9028,0,2510.8,4816.34,,52583.2,62236,57399.54,,,,
2025-07,Wow_Momo,1000382,Wow_Momo,India_1,393,194382.4769,0,2081.7,3674.56,,80660.2,91174,84334.76,,,,
2025-07,Wow_Momo,742034,Wow_Momo,India_1,585,305603.8566,0,1956.69,3512.35,,125878.7,136506,129391.05,,,,
2025-07,Wow_Momo,257318,Wow_Momo,India_1,563,288049.5088,0,2058.86,3569.25,,116679.6,127536,120248.85,,,,
2025-07,Wow_Momo,577179,Wow_Momo,India_1,361,159048.887,0,2786.94,5292.73,,53683,63720,58975.73,,,,
2025-07,Wow_Momo,152874,Wow_Momo,India_1,1305,617871.3753,0,5645.16,10169.06,,237107.6,262943,247276.66,,,,
2025-07,Wow_Momo,937301,Wow_Momo,India_1,800,396694.1942,0,5053.24,8819.82,,154262.3,176781,163082.12,,,,
2025-07,Wow_Momo,790674,Wow_Momo,India_1,297,134961.2991,0,1137.97,2018.3,,54929.7,60309,56948,,,,
2025-07,Wow_Momo,18518,Wow_Momo,India_1,1130,513196.5687,0,5724.27,10173.27,,196070.9,224476,206244.17,,,,
2025-07,Wow_Momo,915680,Wow_Momo,India_1,413,196581.4794,0,2252.07,4061.99,,79520.7,88415,83582.69,,,,
2025-07,Wow_Momo,976929,Wow_Momo,India_1,379,215876.6046,0,1641.39,2823.26,,100080.2,106922,102903.46,,,,
2025-07,Wow_Momo,240366,Wow_Momo,India_1,527,296494.4648,0,1939.92,3559.43,,143659.2,156522,147218.63,,,,
2025-07,Wow_Momo,608721,Wow_Momo,India_1,921,479590.9013,0,3606.42,6433.22,,221583.1,237518,228016.32,,,,
2025-07,Wow_Momo,604560,Wow_Momo,India_1,94,47291.22221,0,712.09,1208.12,,17922,20037,19130.12,,,,
2025-07,Wow_Momo,612730,Wow_Momo,India_2,257,119585.1052,0,551.36,966.82,,51853.7,59260,52820.52,,,,
2025-07,Wow_Momo,864545,Wow_Momo,India_2,292,118944.0603,0,2097.68,3909.97,,42936.8,54639,46846.77,,,,
2025-07,Wow_Momo,949010,Wow_Momo,India_2,309,152146.3332,0,700.61,1343.97,,73944.3,81430,75288.27,,,,
2025-07,Wow_Momo,595304,Wow_Momo,India_1,1276,668500.406,0,7633.75,13395.19,,275288.4,303847,288683.59,,,,
2025-07,Wow_Momo,129614,Wow_Momo,India_1,965,515154.111,0,4602.79,8383.63,,210524.9,230343,218908.53,,,,
2025-07,Wow_Momo,595302,Wow_Momo,India_1,225,110071.7737,0,2094.15,3689,,42630,49724,46319,,,,
2025-07,Wow_Momo,84732,Wow_Momo,India_1,656,363858.5237,0,2872.53,5101.67,,158967,171615,164068.67,,,,
2025-07,Wow_Momo,650466,Wow_Momo,India_1,380,205327.2698,0,2464.83,4405.32,,91229,100866,95634.32,,,,
2025-07,Wow_Momo,216642,Wow_Momo,India_1,249,118946.1802,0,1271.87,2447.68,,44886.5,50112,47334.18,,,,
2025-07,Wow_Momo,747574,Wow_Momo,India_1,360,178960.1713,0,999.59,1820.64,,80814,86252,82634.64,,,,
2025-07,Wow_Momo,690861,Wow_Momo,India_1,81,39894.31355,0,358.73,616.23,,16688.2,18489,17304.43,,,,
2025-07,Wow_Momo,596588,Wow_Momo,India_1,487,249544.5912,0,1371.19,2503.46,,107450.8,119360,109954.26,,,,
2025-07,Wow_Momo,623679,Wow_Momo,India_2,253,111462.008,0,1457.4,2877.04,,40818.2,48174,43695.24,,,,
2025-07,Wow_Momo,679716,Wow_Momo,India_1,352,152834.4322,0,1798.49,3468.52,,58384.3,67265,61852.82,,,,
2025-07,Wow_Momo,593265,Wow_Momo,India_2,372,171619.6751,0,2533.08,4908.41,,63865.4,77799,68773.81,,,,
2025-07,Wow_Momo,615220,Wow_Momo,India_1,236,114096.1884,0,1795.68,3120.48,,44804.1,52214,47924.58,,,,
2025-07,Wow_Momo,948162,Wow_Momo,India_1,296,149754.2282,0,2132.24,3743.38,,59566,67422,63309.38,,,,
2025-07,Wow_Momo,627409,Wow_Momo,India_1,1001,523535.995,0,3949.37,7055.85,,214615,232989,221670.85,,,,
2025-07,Wow_Momo,378545,Wow_Momo,India_1,731,355587.4523,0,2698.72,4812.5,,137716.6,155897,142529.1,,,,
2025-07,Wow_Momo,569328,Wow_Momo,India_1,230,101208.8048,0,809.55,1432.04,,43301.5,51323,44733.54,,,,
2025-07,Wow_Momo,318312,Wow_Momo,India_1,420,195356.2724,0,2215.62,4146.11,,74552.3,82954,78698.41,,,,
2025-07,Wow_Momo,543897,Wow_Momo,India_1,361,204562.4307,0,1742.96,2938.25,,85963.4,94878,88901.65,,,,
2025-07,Wow_Momo,99136,Wow_Momo,India_1,138,62873.9449,0,497.5,902.48,,24169.5,29094,25071.98,,,,
2025-07,Wow_Momo,113739,Wow_Momo,India_1,252,122943.6203,0,850.49,1547.3,,53292.8,57702,54840.1,,,,
2025-07,Wow_Momo,352846,Wow_Momo,India_1,582,267470.3753,0,1251.64,2253.01,,110924.9,124066,113177.91,,,,
2025-07,Wow_Momo,255695,Wow_Momo,India_1,623,353965.1367,0,2502.48,4447.38,,159754.4,170435,164201.78,,,,
2025-07,Wow_Momo,1011076,Wow_Momo,India_2,457,201562.6125,0,2204.64,4208.55,,83350.4,96742,87558.95,,,,
2025-07,Wow_Momo,447390,Wow_Momo,India_1,1088,604784.2629,0,2809.19,5354.5,,256126,269873,261480.5,,,,
2025-07,Wow_Momo,744043,Wow_Momo,India_1,317,169827.6736,0,1793.13,3185.05,,76658.9,86326,79843.95,,,,
2025-07,Wow_Momo,686423,Wow_Momo,India_2,72,34640.58387,0,131.25,243.74,,14227.4,17017,14471.14,,,,
2025-07,Wow_Momo,213610,Wow_Momo,India_1,423,219558.5236,0,2046.32,3667.37,,97109,105301,100776.37,,,,
2025-07,Wow_Momo,496195,Wow_Momo,India_1,411,201267.4827,0,1548.5,2766.42,,78481.1,87457,81247.52,,,,
2025-07,Wow_Momo,938006,Wow_Momo,India_1,194,93445.54004,0,888.75,1586.21,,36987,41249,38573.21,,,,
2025-07,Wow_Momo,225299,Wow_Momo,India_1,310,141664.8452,0,1431.97,2709.31,,56640.3,65465,59349.61,,,,
2025-07,Wow_Momo,942640,Wow_Momo,India_2,243,118346.0491,0,972.88,1931.03,,47067.9,55457,48998.93,,,,
2025-07,Wow_Momo,20208,Wow_Momo,India_1,390,181401.6003,0,875.84,1569.39,,72149.2,79970,73718.59,,,,
2025-07,Wow_Momo,616508,Wow_Momo,India_1,220,92201.10648,0,611.01,1106.13,,35713,43396,36819.13,,,,
2025-07,Wow_Momo,69947,Wow_Momo,India_1,173,84031.71862,0,1207.25,2412.7,,31034,35422,33446.7,,,,
2025-07,Wow_Momo,1035276,Wow_Momo,India_2,136,59667.56712,0,586.25,1088.71,,22064.7,27156,23153.41,,,,
2025-07,Wow_Momo,13926,Wow_Momo,India_1,574,277011.2477,0,3097.65,5654.75,,106248.4,118641,111903.15,,,,
2025-07,Wow_Momo,593676,Wow_Momo,India_2,116,58789.70701,0,497.47,1215,,23465.6,28594,24680.6,,,,
2025-07,Wow_Momo,865577,Wow_Momo,India_1,694,370902.7785,0,2356.52,4114.8,,157624,170691,161738.8,,,,
2025-07,Wow_Momo,785275,Wow_Momo,India_2,424,187464.1025,0,1045.67,1884.78,,74562.5,83529,76447.28,,,,
2025-07,Wow_Momo,755020,Wow_Momo,India_1,333,181696.9029,0,1283.11,2211.42,,85560,90631,87771.42,,,,
2025-07,Wow_Momo,410277,Wow_Momo,India_1,554,271610.2056,0,2715.58,4800.14,,107176,118786,111976.14,,,,
2025-07,Wow_Momo,32287,Wow_Momo,India_1,120,63068.62423,0,650,1149.95,,26232.7,28933,27382.65,,,,
2025-07,Wow_Momo,665027,Wow_Momo,India_2,247,103831.3594,0,324.37,659.55,,40932.8,46427,41592.35,,,,
2025-07,Wow_Momo,444197,Wow_Momo,India_1,823,400415.6613,0,3403.72,5995.4,,166152,178658,172147.4,,,,
2025-07,Wow_Momo,78815,Wow_Momo,India_1,780,366040.3822,0,9093.82,17569.72,,125701.8,157466,143271.52,,,,
2025-07,Wow_Momo,994286,Wow_Momo,India_1,151,86122.85999,0,548.36,1167.19,,38819.1,41418,39986.29,,,,
2025-07,Wow_Momo,89706,Wow_Momo,India_1,141,63724.6127,0,559.66,1039.36,,24685,26883,25724.36,,,,
2025-07,Wow_Momo,153966,Wow_Momo,India_1,662,414323.2894,0,3686.51,6487.67,,196056,209375,202543.67,,,,
2025-07,Wow_Momo,157488,Wow_Momo,India_1,299,156670.028,0,758.75,1266.22,,67188.5,72688,68454.72,,,,
2025-07,Wow_Momo,915023,Wow_Momo,India_2,10,4833.995018,0,,,,1920.1,2291,1920.1,,,,
2025-07,Wow_Momo,261618,Wow_Momo,India_1,200,109606.7611,0,790.86,1498.15,,47838.2,52826,49336.35,,,,
2025-07,Wow_Momo,969584,Wow_Momo,India_2,261,116994.5075,0,1081.57,2165.5,,47904.7,55470,50070.2,,,,
2025-07,Wow_Momo,502983,Wow_Momo,India_1,290,143075.3691,0,1873.23,3381.62,,57088.7,64817,60470.32,,,,
2025-07,Wow_Momo,22039,Wow_Momo,India_1,836,471664.2096,0,5190.68,9069.55,,197736.6,217257,206806.15,,,,
2025-07,Wow_Momo,26349,Wow_Momo,India_1,1337,730719.8592,0,4406.63,7673.53,,318956.1,338611,326629.63,,,,
2025-07,Wow_Momo,646877,Wow_Momo,India_1,634,327354.8498,0,3911.66,6877.86,,136692.7,152048,143570.56,,,,
2025-07,Wow_Momo,244006,Wow_Momo,India_1,622,329783.1482,0,4002.97,6937.54,,130449,144426,137386.54,,,,
2025-07,Wow_Momo,213671,Wow_Momo,India_1,395,225398.8167,0,1798.92,3122.91,,105477.9,113426,108600.81,,,,
2025-07,Wow_Momo,320564,Wow_Momo,India_1,364,157900.4394,0,1948.35,3661.17,,57928.4,66295,61589.57,,,,
2025-07,Wow_Momo,1061496,Wow_Momo,India_1,451,208772.7742,0,4164.81,7977.25,,73683.3,89024,81660.55,,,,
2025-07,Wow_Momo,874233,Wow_Momo,India_1,1080,565838.7009,0,2739.7,4760.77,,237523.9,255670,242284.67,,,,
2025-07,Wow_Momo,874175,Wow_Momo,India_1,447,201500.592,0,1178.57,2167.86,,83675.9,89654,85843.76,,,,
2025-07,Wow_Momo,509039,Wow_Momo,India_1,956,600795.8925,0,3146.77,5858.2,,294373,307355,300231.2,,,,
2025-07,Wow_Momo,101055,Wow_Momo,India_1,263,111578.5782,0,1775.96,3576.67,,37907.2,46549,41483.87,,,,
2025-07,Wow_Momo,102122,Wow_Momo,India_1,875,402073.4246,0,2220.43,4095.02,,149227.1,162529,153322.12,,,,
2025-07,Wow_Momo,678015,Wow_Momo,India_1,1051,525616.7165,0,6650.82,11802.42,,206095,230223,217897.42,,,,
2025-07,Wow_Momo,502240,Wow_Momo,India_1,657,384988.5381,0,3550,6190.55,,180006.7,194749,186197.25,,,,
2025-07,Wow_Momo,195446,Wow_Momo,India_1,850,423020.1256,0,3176.03,5469.65,,170830.5,187051,176300.15,,,,
2025-07,Wow_Momo,605103,Wow_Momo,India_1,746,492326.7003,0,4228.62,7107.99,,237334.5,254441,244442.49,,,,
2025-07,Wow_Momo,502241,Wow_Momo,India_2,237,99050.27538,0,404.25,793.59,,38748,42706,39541.59,,,,
2025-07,Wow_Momo,184935,Wow_Momo,India_1,605,345626.5906,0,2703.67,4523.91,,154796.3,166162,159320.21,,,,
2025-07,Wow_Momo,1000678,Wow_Momo,India_1,404,221339.3604,0,1792.47,3382.41,,84022,90577,87404.41,,,,
2025-07,Wow_Momo,246363,Wow_Momo,India_1,660,349225.3669,0,2489.85,4378.93,,145976.7,156528,150355.63,,,,
2025-07,Wow_Momo,369491,Wow_Momo,India_1,636,340192.0012,0,2374.37,4158.71,,138105.2,147726,142263.91,,,,
2025-07,Wow_Momo,595300,Wow_Momo,India_1,555,277039.6775,0,2618.16,4519.32,,112632.1,125378,117151.42,,,,
2025-07,Wow_Momo,697225,Wow_Momo,India_2,206,85434.36572,0,446.25,828.73,,32430.9,36471,33259.63,,,,
2025-07,Wow_Momo,15502,Wow_Momo,India_1,1265,621276.9962,0,11549.11,20462.79,,236247.8,282949,256710.59,,,,
2025-07,Wow_Momo,129615,Wow_Momo,India_1,1028,584029.5394,0,2989.93,5476.17,,257834.5,273945,263310.67,,,,
2025-07,Wow_Momo,865609,Wow_Momo,India_1,981,526366.2635,0,4334.95,7864.09,,213148.7,231630,221012.79,,,,
2025-07,Wow_Momo,966093,Wow_Momo,India_1,582,258883.4896,0,2187.83,4049.34,,104056.5,115040,108105.84,,,,
2025-07,Wow_Momo,659239,Wow_Momo,India_1,293,145108.4032,0,1177.25,2112.69,,62943.2,70201,65055.89,,,,
2025-07,Wow_Momo,480590,Wow_Momo,India_2,349,137535.7063,0,694.38,1289.58,,55023.4,63775,56312.98,,,,
2025-07,Wow_Momo,665197,Wow_Momo,India_1,812,452756.6467,0,3075.44,5277.16,,187643.7,201322,192920.86,,,,
2025-07,Wow_Momo,514902,Wow_Momo,India_2,466,226444.2501,0,1192.09,2292.44,,95068.4,104634,97360.84,,,,
2025-07,Wow_Momo,675964,Wow_Momo,India_1,822,389883.9236,0,4471.01,7911.03,,161294.8,183538,169205.83,,,,
2025-07,Wow_Momo,535796,Wow_Momo,India_1,272,128185.8614,0,1041.91,1892.1,,54680,58794,56572.1,,,,
2025-07,Wow_Momo,527591,Wow_Momo,India_1,381,214367.0039,0,1687.73,2919.95,,96298,102295,99217.95,,,,
2025-07,Wow_Momo,759228,Wow_Momo,India_2,437,198815.8853,0,1089.65,2254.91,,79978.1,90227,82233.01,,,,
2025-07,Wow_Momo,190042,Wow_Momo,India_1,636,344087.4463,0,1643.31,2851.78,,146870.8,155858,149722.58,,,,
2025-07,Wow_Momo,413979,Wow_Momo,India_1,1027,600963.5236,0,3397.57,5895.32,,248741.4,265451,254636.72,,,,
2025-07,Wow_Momo,971226,Wow_Momo,India_1,762,409348.651,0,6669.35,12003.36,,177096,199162,189099.36,,,,
2025-07,Wow_Momo,151187,Wow_Momo,India_1,442,224169.2703,0,1270.06,2237.2,,97083.7,104995,99320.9,,,,
2025-07,Wow_Momo,699421,Wow_Momo,India_2,491,226596.6279,0,1709.62,3353.5,,89964.4,102430,93317.9,,,,
2025-07,Wow_Momo,419705,Wow_Momo,India_1,330,151518.0462,0,1346.45,2474.82,,58231.6,64349,60706.42,,,,
2025-07,Wow_Momo,303454,Wow_Momo,India_2,483,199407.0885,0,1005.94,1889.58,,74132.2,85923,76021.78,,,,
2025-07,Wow_Momo,464323,Wow_Momo,India_2,508,213253.8773,0,3022.72,5748.48,,72375.9,87871,78124.38,,,,
2025-07,Wow_Momo,89709,Wow_Momo,India_1,1017,458670.114,0,3845.49,7473.06,,173761.5,192032,181234.56,,,,
2025-07,Wow_Momo,303630,Wow_Momo,India_1,920,452614.7175,0,2138.23,3777.36,,187005.8,203807,190783.16,,,,
2025-07,Wow_Momo,786565,Wow_Momo,India_1,322,177649.9899,0,1103.48,1886.41,,73934.5,79565,75820.91,,,,
2025-07,Wow_Momo,1024347,Wow_Momo,India_2,507,311563.0776,0,2614.99,5220.53,,143945.2,159071,149165.73,,,,
2025-07,Wow_Momo,772157,Wow_Momo,India_1,281,143929.9822,0,1777.93,3344.56,,57877.5,65639,61222.06,,,,
2025-07,Wow_Momo,753904,Wow_Momo,India_1,89,39311.30057,0,723.22,1343.08,,13311.6,17208,14654.68,,,,
2025-07,Wow_Momo,407376,Wow_Momo,India_1,337,178197.8766,0,814.99,1434.95,,76568,79719,78002.95,,,,
2025-07,Wow_Momo,585387,Wow_Momo,India_1,579,314997.417,0,2240.97,3948.86,,142716,152489,146664.86,,,,
2025-07,Wow_Momo,184800,Wow_Momo,India_1,441,203924.5639,0,3169.47,6095.25,,72346.2,84737,78441.45,,,,
2025-07,Wow_Momo,259361,Wow_Momo,India_1,866,447499.4817,0,4803.46,8620.49,,188557.8,207690,197178.29,,,,
2025-07,Wow_Momo,747329,Wow_Momo,India_1,640,335876.2387,0,5779.57,10427.64,,142195.7,162842,152623.34,,,,
2025-07,Wow_Momo,184933,Wow_Momo,India_1,784,440660.4874,0,3145.32,5522.64,,198828.6,212521,204351.24,,,,
2025-07,Wow_Momo,744055,Wow_Momo,India_1,717,374925.0533,0,2617.11,4867.84,,164292,175938,169159.84,,,,
2025-07,Wow_Momo,407383,Wow_Momo,India_1,799,418980.8412,0,2756.47,4747.57,,177774.3,190150,182521.87,,,,
2025-07,Wow_Momo,508441,Wow_Momo,India_1,703,331742.816,0,3301.56,5899.9,,136076,149694,141975.9,,,,
2025-07,Wow_Momo,1018999,Wow_Momo,India_1,303,149788.2458,0,381.16,786.43,,66066.9,69017,66853.33,,,,
2025-07,Wow_Momo,46653,Wow_Momo,India_1,161,95588.23296,0,610,1039.95,,40691,44110,41730.95,,,,
2025-07,Wow_Momo,314808,Wow_Momo,India_1,466,256229.8282,0,3313.05,5989.28,,114333,126748,120322.28,,,,
2025-07,Wow_Momo,13927,Wow_Momo,India_1,820,400470.9342,0,3865.77,6784.14,,152969.6,171481,159753.74,,,,
2025-07,Wow_Momo,302498,Wow_Momo,India_1,204,109253.3084,0,822.28,1592.94,,45152.2,49894,46745.14,,,,
2025-07,Wow_Momo,257268,Wow_Momo,India_1,414,231724.6691,0,2464.4,4405.01,,105301.4,115380,109706.41,,,,
2025-07,Wow_Momo,966132,Wow_Momo,India_2,447,203183.9175,0,2558.94,4948.64,,74677.4,89540,79626.04,,,,
2025-07,Wow_Momo,586950,Wow_Momo,India_1,593,317032.5781,0,2142.51,3768.88,,141827,150182,145595.88,,,,
2025-07,Wow_Momo,962067,Wow_Momo,India_1,504,251852.9275,0,2316.99,4124.34,,101200.2,109608,105324.54,,,,
2025-07,Wow_Momo,920695,Wow_Momo,India_1,27,12461.93165,0,183.75,341.25,,4430,5270,4771.25,,,,
2025-07,Wow_Momo,217808,Wow_Momo,India_1,256,124773.7025,0,932.09,1638.13,,53585.5,61849,55223.63,,,,
2025-07,Wow_Momo,226431,Wow_Momo,India_1,333,156926.015,0,1223.49,2165.02,,60778,70530,62943.02,,,,
2025-07,Wow_Momo,621466,Wow_Momo,India_1,280,138746.0597,0,1476.6,2663.63,,57948,63466,60611.63,,,,
2025-07,Wow_Momo,26350,Wow_Momo,India_1,230,133042.4387,0,1863.23,3116.56,,57825,63905,60941.56,,,,
2025-07,Wow_Momo,575605,Wow_Momo,India_1,621,304622.8896,0,1899.22,3432.08,,120510.2,135325,123942.28,,,,
2025-07,Wow_Momo,835515,Wow_Momo,India_2,340,177925.3827,0,593.89,1382.1,,80300.8,87643,81682.9,,,,
2025-07,Wow_Momo,22042,Wow_Momo,India_1,455,242442.2204,0,1505.72,2660.52,,100703.3,106909,103363.82,,,,
2025-07,Wow_Momo,343612,Wow_Momo,India_1,689,334237.7714,0,2258.05,4121.02,,135711.3,146542,139832.32,,,,
2025-07,Wow_Momo,14121,Wow_Momo,India_1,458,222336.8707,0,1593.33,2851.84,,95120,102499,97971.84,,,,
2025-07,Wow_Momo,363277,Wow_Momo,India_1,414,225868.8037,0,1096.9,1942.06,,94916.3,103080,96858.36,,,,
2025-07,Wow_Momo,234933,Wow_Momo,India_1,1455,760998.9712,0,5916.01,10790.1,,307355.6,333158,318145.7,,,,
2025-07,Wow_Momo,415338,Wow_Momo,India_1,207,105533.4644,0,839.74,1450.19,,46643.2,51812,48093.39,,,,
2025-07,Wow_Momo,334098,Wow_Momo,India_1,188,87987.97308,0,1723.81,3450.65,,29435.6,36165,32886.25,,,,
2025-07,Wow_Momo,295237,Wow_Momo,India_1,1490,776246.9444,0,10319.15,18478.92,,316428.2,354642,334907.12,,,,
2025-07,Wow_Momo,824510,Wow_Momo,India_1,646,323882.1321,0,2595.93,5106.69,,124680,134264,129786.69,,,,
2025-07,Wow_Momo,350419,Wow_Momo,India_1,241,90949.72739,0,387.69,720.01,,32062.8,38743,32782.81,,,,
2025-07,Wow_Momo,354830,Wow_Momo,India_1,175,94608.97012,0,616.72,1071.75,,42762,44921,43833.75,,,,
2025-07,Wow_Momo,915021,Wow_Momo,India_1,299,147727.8462,0,566.97,1024.37,,64048,68556,65072.37,,,,
2025-07,Wow_Momo,882605,Wow_Momo,India_2,1624,779965.4022,0,2967.5,5582.39,,335842.2,354549,341424.59,,,,
2025-07,Wow_Momo,51616,Wow_Momo,India_1,997,455502.2521,0,3493.66,6073.85,,185696.7,205447,191770.55,,,,
2025-07,Wow_Momo,355410,Wow_Momo,India_1,993,578901.4858,0,2559.99,4399.79,,280213,294266,284612.79,,,,
2025-07,Wow_Momo,452429,Wow_Momo,India_2,421,216646.5343,0,888.75,1736.19,,100935,108501,102671.19,,,,
2025-07,Wow_Momo,772160,Wow_Momo,India_1,551,295709.4346,0,1726.85,2963.82,,124393.8,131767,127357.62,,,,
2025-07,Wow_Momo,352821,Wow_Momo,India_1,609,332185.0039,0,2747.52,4733.87,,153128,162569,157861.87,,,,
2025-07,Wow_Momo,1007062,Wow_Momo,India_2,218,94385.75268,0,1126.28,2177.37,,38558.8,45463,40736.17,,,,
2025-07,Wow_Momo,99239,Wow_Momo,India_1,611,325121.9823,0,1829.37,3218.77,,144705.7,157191,147924.47,,,,
2025-07,Wow_Momo,593270,Wow_Momo,India_1,790,473517.8527,0,2893.53,5066.43,,228710.5,243570,233776.93,,,,
2025-07,Wow_Momo,518893,Wow_Momo,India_1,1422,765769.0414,0,6563.75,11478.17,,292952.3,317185,304430.47,,,,
2025-07,Wow_Momo,184932,Wow_Momo,India_1,713,377896.1168,0,3036.82,5423.27,,162047.8,172979,167471.07,,,,
2025-07,Wow_Momo,48652,Wow_Momo,India_1,550,307477.7828,0,2912.54,5263.89,,144982.6,160619,150246.49,,,,
2025-07,Wow_Momo,852502,Wow_Momo,India_1,280,141146.9196,0,968.15,1690.83,,65568,69582,67258.83,,,,
2025-07,Wow_Momo,169699,Wow_Momo,India_2,493,193491.5562,0,1971.85,3876.23,,72907.8,87044,76784.03,,,,
2025-07,Wow_Momo,895430,Wow_Momo,India_2,242,110872.0386,0,1143.29,2216.08,,44936.6,53851,47152.68,,,,
2025-07,Wow_Momo,833329,Wow_Momo,India_2,445,193457.8334,0,1517.54,2935.36,,77745.8,89556,80681.16,,,,
2025-07,Wow_Momo,354834,Wow_Momo,India_1,1171,643397.4378,0,5279.9,9304.57,,297711.7,318358,307016.27,,,,
2025-07,Wow_Momo,101598,Wow_Momo,India_1,532,284013.7547,0,2031.82,3640.16,,129592.9,139029,133233.06,,,,
2025-07,Wow_Momo,266114,Wow_Momo,India_1,619,303440.3121,0,2273.35,4453.25,,112620,121507,117073.25,,,,
2025-07,Wow_Momo,738175,Wow_Momo,India_1,657,334432.8954,0,3108.68,5576.69,,134061,145377,139637.69,,,,
2025-07,Wow_Momo,453673,Wow_Momo,India_2,276,117058.6647,0,1543.12,2830.04,,46664.9,57327,49494.94,,,,
2025-07,Wow_Momo,581573,Wow_Momo,India_1,755,364793.0499,0,4209.9,7482.55,,147223.2,165728,154705.75,,,,
2025-07,Wow_Momo,419703,Wow_Momo,India_1,570,269933.1175,0,1860,3239.95,,110776,120925,114015.95,,,,
2025-07,Wow_Momo,248961,Wow_Momo,India_1,421,221011.9176,0,1565.63,2721.84,,105638.8,113283,108360.64,,,,
2025-07,Wow_Momo,303945,Wow_Momo,India_1,414,209942.6354,0,1870.9,3279.86,,87383.7,96292,90663.56,,,,
2025-07,Wow_Momo,875349,Wow_Momo,India_1,680,361511.4291,0,2498.38,4582.29,,156786.6,174097,161368.89,,,,
2025-07,Wow_Momo,1060662,Wow_Momo,India_1,174,77163.95158,0,656.25,1168.73,,33189,36829,34357.73,,,,
2025-07,Wow_Momo,106795,Wow_Momo,India_1,443,263691.2977,0,2262.79,3997.96,,123702.2,135373,127700.16,,,,
2025-07,Wow_Momo,452522,Wow_Momo,India_1,629,342602.5575,0,3401.92,5927.73,,139334.1,154659,145261.83,,,,
2025-07,Wow_Momo,798676,Wow_Momo,India_1,99,46302.26386,0,921.25,1603.7,,17603,20958,19206.7,,,,
2025-07,Wow_Momo,114137,Wow_Momo,India_1,173,85432.96826,0,847.25,1442.71,,34236.8,37986,35679.51,,,,
2025-07,Wow_Momo,267251,Wow_Momo,India_1,300,153700.1497,0,1134.64,2064.31,,68653.1,73243,70717.41,,,,
